Code,Sector
s01,기초 소재,Basic Materials
s02,자본재,Capital Goods
s03,복합기업,Conglomerates
s04,경기 민감형 소비재,Consumer Cyclical
s05,소비재/ 경기 방어형,Consumer/   Non-Cyclical
s06,에너지,Energy
s07,금융,Financial
s08,보건의료,Healthcare
s09,서비스,Services
s10,테크놀로지,Technology
s11,운송,Transportation
s12,유틸러티,Utilities